"Beta","SD","2.5% ","97.5%"
19.1079583936472,0.169272442713613,18.7770862070313,19.4438061229494
1.82470470413425,0.264192282476765,1.30039759883979,2.32412052701496
1.00022504584177,0.010885937642161,0.979538058707647,1.02269207185462
