"Beta","SD","2.5% ","97.5%"
19.1118586283395,0.165580591433002,18.787676481763,19.4339427412382
1.81482307342724,0.245696920372515,1.33153739709611,2.29060300582589
1.00005362643922,0.0109921603600773,0.979490613609072,1.02269399442729
