"Beta","SD","2.5% ","97.5%"
19.1609715661143,0.359331036313059,18.4869573067894,19.8978774552474
1.70046019413056,0.558277027762336,0.261669214905113,2.75568376514661
4.46847578666304,16.1677541889307,0.983785737000896,21.0065101191724
