"Beta","SD","2.5% ","97.5%"
-0.759839732572925,0.111850135149454,-0.969001646719043,-0.55019057401162
1.73716504073601,0.216377342826798,1.3673288519673,2.15217748683465
0.316913529579173,1.9957575743973,0.0260673141165882,1.68688803879034
