"Beta","SD","2.5% ","97.5%"
19.1315530188501,0.138782024112347,18.9193266717823,19.3755510895552
1.76973610890424,0.238816045097585,1.3223298695633,2.19494557508083
0.560820343465586,12.6423357231599,0.0259968151024473,2.21528034600722
