"Beta","SD","2.5% ","97.5%"
19.1694812074609,0.381584846270622,18.4826434383882,19.9602225804236
1.68046397172583,0.587669002188744,0.170523559905701,2.74051112312901
4.9944306634997,27.8422179361022,0.982370612710966,23.2515696018762
