"Beta","SD","2.5% ","97.5%"
19.1161681330616,0.170339690308179,18.7821712548298,19.4468523065432
1.80496799528463,0.26255102375215,1.28978676386369,2.31621888105893
1.00006362286286,0.0110185934080817,0.979484064575783,1.02275282371518
