"Beta","SD","2.5% ","97.5%"
19.1083161545853,0.332392647247644,18.8504281340325,19.3377252058246
1.82885893550171,0.267390633659116,1.40591977808028,2.31254384596079
7.16960165329052,500.4081018265,0.026196914347366,2.00331794548813
