"Beta","SD","2.5% ","97.5%"
19.1212209235741,0.17049498343888,18.7865664394651,19.4539326203079
1.79439899524276,0.265936069897701,1.29430406815929,2.32009107579958
1.00022133127689,0.0108819970697425,0.9796297487075,1.02259465730065
