"Beta","SD","2.5% ","97.5%"
19.1106647062759,0.135566442638227,18.8661446069532,19.3411727317012
1.81840556324343,0.239262341771262,1.38254394500414,2.23838765929302
0.49217887555073,7.23321906334812,0.0260450966290986,2.0695245586216
