"Beta","SD","2.5% ","97.5%"
19.1257905977043,0.154423167272544,18.9144638616594,19.3649208895757
1.78273145076603,0.23705267489037,1.33837346620695,2.14812186843879
1.0682628984881,95.0195102026216,0.026082851650439,1.98083483423306
