"Beta","SD","2.5% ","97.5%"
19.1230746091249,0.16089770362204,18.9099111106303,19.3555349038299
1.79133551077716,0.224072705531526,1.36335171829372,2.19225470986251
1.03967585737487,82.8194151736812,0.0260872977393155,2.00703151957187
