"Beta","SD","2.5% ","97.5%"
19.1627208698458,0.359475953299884,18.4874305055927,19.9017271231625
1.69905764850565,0.558870013461984,0.26109267996862,2.75561861513983
4.46131387949329,15.9321392021053,0.984177346124976,20.8602167608452
