"Beta","SD","2.5% ","97.5%"
-0.766144086872011,0.171930104380624,-0.989759166811518,-0.484700495855842
1.75176129155314,0.25892528573942,1.17615421063343,2.20488492666346
0.922960904783742,24.9187368135163,0.0261005065208338,2.34666746304438
