"Beta","SD","2.5% ","97.5%"
-0.80375435301792,0.17845848970256,-1.05895343891951,-0.596860943477291
1.8375459056998,0.252638463014437,1.44570887183424,2.34457080906274
1.49055283230025,91.9566353692796,0.0262782455719826,2.01365104946493
