"Beta","SD","2.5% ","97.5%"
19.1310657546298,0.148750126279279,18.9323924639517,19.3893820523069
1.77479938313515,0.255337806697727,1.25629066933263,2.10806771922928
0.62908257163584,8.0618791163206,0.026115670789456,2.04610543295243
